Survey_ID,Nearest_Landmark,Gutter_Type,BlockScore,Width_m,Depth_m,CrossSec_m2,DEM_Value,Slope_Score,FlowAcc_Score,LULC_Risk,Capacity_Risk,Rainfall_Score,Risk_Score,Risk_Level,Photo_ID,Latitude,Longitude
754260022.0,Gosple bookroom,Open concrete drain,0.25,0.5,0.6,0.3,49.0,0.893798,0.0,1.0,0.775,0.301,0.446769699,Moderately Low,1778065553431.jpg,5.6490789,-0.2068122
754260040.0,Westlands,Open concrete drain,0.5,0.5,0.6,0.3,50.0,0.806781,0.0,1.0,0.85,0.301,0.516217149,Moderately High,1778065989747.jpg,5.6486389,-0.2076778
754260079.0,Westlands 2,Open concrete drain,0.5,0.5,0.6,0.3,52.0,0.701936,0.0,1.0,0.85,0.301,0.500490401,Moderately High,1778066309648.jpg,5.6485444,-0.2077318
754260092.0,Westlands,Open concrete drain,0.25,0.5,0.6,0.3,49.0,0.762959,0.006309148,1.0,0.775,0.301,0.428090223,Moderately Low,1778066457394.jpg,5.6486654,-0.2077674
754260115.0,Westlands,Open concrete drain,0.25,0.5,0.6,0.3,51.0,0.806781,0.0,1.0,0.775,0.301,0.433717149,Moderately Low,1778066612977.jpg,5.6485619,-0.2072066
754260128.0,Westlands,Open concrete drain,0.5,0.5,0.6,0.3,48.0,0.94018,0.056782334,1.0,0.85,0.301,0.544744351,Moderately High,1778066736522.jpg,5.6488275,-0.2068249
754260143.0,Westlands,Open concrete drain,0.75,0.6,0.5,0.3,50.0,0.879269,0.0,1.0,0.925,0.301,0.60959035,Moderately High,1778323957400.jpg,5.6491957,-0.2067121
754260162.0,Manu street,Open concrete drain,1.0,0.4,0.5,0.2,49.0,0.950224,0.006309148,0.0,1.0,0.301,0.603679969,Moderately High,1778324127409.jpg,5.6492213,-0.2060895
754260173.0,Manu street,Earthen / soil drain,0.75,0.6,0.65,0.39,51.0,0.91067,0.0,0.0,0.9025,0.301,0.512050497,Moderately High,1778324317736.jpg,5.6490928,-0.2061391
754260190.0,Nii boye street,Open concrete drain,0.25,0.6,0.7,0.42,52.0,0.847161,0.0,0.0,0.685,0.301,0.330774149,Moderately Low,1778324546250.jpg,5.6484881,-0.2061587
754260204.0,Nii boye street,Open concrete drain,0.25,0.6,0.7,0.42,52.0,0.835912,0.0,0.0,0.685,0.301,0.329086798,Moderately Low,1778324698327.jpg,5.6482255,-0.2062499
754260216.0,Nii boye street/ boundary road,Covered / underground drain,0.75,0.6,0.7,0.42,50.0,0.91067,0.006309148,0.0,0.895,0.301,0.512246869,Moderately High,1778325020239.jpg,5.6472438,-0.206061
754260238.0,Wakam villa,Open concrete drain,0.75,0.6,0.7,0.42,49.0,0.915414,0.015772871,0.0,0.895,0.301,0.514378027,Moderately High,1778325324753.jpg,5.6471656,-0.2061245
754260260.0,Wakam villa,Open concrete drain,0.75,0.6,0.7,0.42,49.0,0.915414,0.015772871,1.0,0.895,0.301,0.614378027,Moderately High,1778325435480.jpg,5.6471245,-0.206169
754261082.0,Wakam villa,Open concrete drain,0.5,0.6,0.7,0.42,49.0,0.953071,0.050473186,1.0,0.79,0.301,0.539731627,Moderately High,1778325570168.jpg,5.6470847,-0.2063995
754261107.0,Nii boye main street,Open concrete drain,0.5,0.6,,0.42,49.0,0.820747,0.0,1.0,0.79,0.301,0.512312052,Moderately High,1778325703632.jpg,5.6468412,-0.2066551
754261124.0,Nii boy street,Open concrete drain,0.5,0.6,,0.42,49.0,0.820747,0.0,1.0,0.79,0.301,0.512312052,Moderately High,1778325950179.jpg,5.6467892,-0.2068333
754261145.0,Momo vendor on nii boye street,Covered / underground drain,0.75,0.5,,0.3,46.0,0.820747,0.025236593,1.0,0.925,0.301,0.604597541,Moderately High,1778326165938.jpg,5.6465188,-0.207199
754261167.0,Nii boye street,Open concrete drain,0.75,0.6,,0.42,46.0,0.820747,0.025236593,1.0,0.895,0.301,0.601597541,Moderately High,1778326795774.jpg,5.646407,-0.2072444
754261339.0,Notre dame Catholic church,Open concrete drain,0.75,0.6,0.7,0.42,47.0,0.829361,0.012618297,1.0,0.895,0.301,0.600996898,Moderately High,1778327106500.jpg,5.6464748,-0.2079547
754261353.0,Notre dame church,Open concrete drain,0.5,0.6,0.7,0.42,48.0,0.811079,0.003154574,1.0,0.79,0.301,0.51133504,Moderately High,1778327262808.jpg,5.646507,-0.2083787
754261364.0,Anasimba,Open concrete drain,0.75,0.3,0.6,0.12,48.0,0.811079,0.003154574,1.0,0.97,0.301,0.60433504,Moderately High,1778327358255.jpg,5.6464204,-0.2084505
754261381.0,CIC Ltd,Open concrete drain,0.25,0.6,0.7,0.42,48.0,0.82383,0.003154574,1.0,0.685,0.301,0.427747687,Moderately Low,1778327477797.jpg,5.6465126,-0.2087863
754261395.0,Best auto workshop,Open concrete drain,0.25,0.6,0.7,0.42,53.0,0.82383,0.0,1.0,0.685,0.301,0.427274501,Moderately Low,1778327610693.jpg,5.6472039,-0.208773
754261410.0,Dennis,Open concrete drain,0.25,0.6,0.7,0.42,51.0,0.758964,0.003154574,1.0,0.685,0.301,0.418017786,Moderately Low,1778327730372.jpg,5.6478142,-0.208818
754261437.0,Dennis,Open concrete drain,0.5,0.6,0.4,0.42,48.0,0.821513,0.0,1.0,0.79,0.301,0.512426949,Moderately High,1778327864339.jpg,5.6483854,-0.2097985
754261506.0,Westlands junction,Open concrete drain,0.5,1.0,0.7,1.5,41.0,0.925808,0.0,1.0,0.25,0.301,0.474071202,Moderately Low,1778328985652.jpg,5.6499459,-0.2099043
754261522.0,Mz Vee salon,Open concrete drain,0.5,0.6,0.7,0.42,41.0,0.925808,0.0,1.0,0.79,0.301,0.528071202,Moderately High,1778329107281.jpg,5.6497807,-0.2098926
754261547.0,Westlands fresh foods,Open concrete drain,0.25,0.8,0.6,0.72,40.0,0.925808,0.0,1.0,0.46,0.301,0.420071202,Moderately Low,1778329212238.jpg,5.6498711,86808
754261455.0,Jumiere group,Open concrete drain,0.75,0.6,0.7,0.36,46.0,0.851716,0.006309148,1.0,0.91,0.301,0.604903769,Moderately High,1778328124875.jpg,5.6487749,-0.208447
754261480.0,Westlands junction,Open concrete drain,0.25,1.0,0.7,1.5,40.0,0.931596,0.233438486,1.0,-0.125,0.301,0.39745517,Moderately Low,1778328894757.jpg-0.2099856
754261571.0,Car wash opposite,Open concrete drain,0.25,0.8,1.5,0.72,39.0,0.917055,0.018927445,1.0,0.46,0.301,0.421597368,Moderately Low,1778329372690.jpg,5.6493661,-0.2101037
754261600.0,Amigos mart,Open concrete drain,0.25,0.7,1.5,0.56,41.0,0.847161,0.006309148,1.0,0.58,0.301,0.421220521,Moderately Low,1778329597580.jpg,5.6488918,-0.2101148
754261626.0,Ready fuel,Open concrete drain,0.25,0.8,0.7,0.72,42.0,0.962898,0.107255521,1.0,0.46,0.301,0.44172303,Moderately Low,1778329709493.jpg,5.6485913,-0.2102862
754261658.0,Adibash beauty salon,Open concrete drain,0.5,0.8,0.9,0.72,42.0,0.870489,0.006309148,1.0,0.64,0.301,0.505719722,Moderately High,1778329867621.jpg,5.6479884,-0.2104365
754261682.0,Owuu street,Open concrete drain,0.25,0.7,0.9,0.455,46.0,0.883909,0.003154574,1.0,0.65875,0.301,0.434134534,Moderately Low,1778604673798.jpg,5.6501287,-0.2071409
754261735.0,Bakana hostel,Open concrete drain,0.25,0.5,0.8,0.325,44.0,0.830975,0.0,1.0,0.75625,0.301,0.435471249,Moderately Low,1778605063404.jpg,5.6503416,-0.2077362
754261761.0,Bakana Hostel,Open concrete drain,0.5,0.6,0.9,0.39,42.0,0.867347,0.003154574,0.0,0.805,0.301,0.421275236,Moderately Low,1778605234775.jpg,5.6503842,-0.2080859
754261789.0,Asene street,Open concrete drain,0.25,0.6,0.9,0.39,40.0,0.976534,0.009463722,1.0,0.7075,0.301,0.45384966,Moderately Low,1778605371442.jpg,5.6505104,-0.2084656
754261806.0,Asene street linda door hostel,Open concrete drain,0.25,0.6,0.65,0.39,41.0,0.962898,0.0,1.0,0.7075,0.301,0.450384702,Moderately Low,1778605550709.jpg,5.6506046,-0.2091045
754261826.0,Linda door hostel,Open concrete drain,0.5,0.6,0.65,0.39,40.0,0.983407,0.003154574,1.0,0.805,0.301,0.538684239,Moderately High,1778605702508.jpg,5.6506783,-0.2095092
754261853.0,Trade mart,Open concrete drain,0.75,1.0,0.65,1.0,40.0,0.931596,0.003154574,1.0,0.75,0.301,0.600412583,Moderately High,1778605844716.jpg,5.6506494,-0.2096431
754261870.0,Trade mart,Open concrete drain,0.75,1.0,0.65,1.0,40.0,0.929613,0.384858044,1.0,0.75,0.301,0.657370656,Moderately High,1778606022300.jpg,5.6504157,-0.2096801
754261886.0,Trade mart opposite,Open concrete drain,0.25,0.65,0.65,0.52,40.0,0.931596,0.006309148,1.0,0.61,0.301,0.436885769,Moderately Low,1778606185471.jpg,5.6505438,-0.2097997
754261907.0,Pretty with Onyinka,Open concrete drain,0.75,0.6,0.65,0.39,40.0,0.962898,0.0,1.0,0.9025,0.301,0.619884702,Moderately High,1778606307407.jpg,5.6508244,-0.2097332
754261924.0,Bubune pharmacy,Open concrete drain,1.0,0.6,1.0,0.39,40.0,0.94018,0.031545741,1.0,1.0,0.301,0.705958862,Moderately High,1778606521843.jpg,5.6514281,-0.2095589
754261939.0,Bubune pharmacy,Covered / underground drain,0.25,0.7,1.0,0.455,40.0,0.983407,0.003154574,1.0,0.65875,0.301,0.449059239,Moderately Low,1778606708433.jpg,5.6513101,-0.209479
754261964.0,Bubune pharmacy,Open concrete drain,0.5,0.6,0.8,0.36,40.0,0.94018,0.031545741,1.0,0.82,0.301,0.537958862,Moderately High,1778606813087.jpg,5.6514243,-0.2094563
754261982.0,Bubune pharmacy street,Open concrete drain,0.25,0.6,0.65,0.39,41.0,0.8951,0.0,1.0,0.7075,0.301,0.440214999,Moderately Low,1778606931532.jpg,5.6513257,-0.2089931
754262003.0,Bubune pharmacy street,Open concrete drain,0.25,0.6,0.65,0.36,40.0,0.8951,0.006309148,1.0,0.73,0.301,0.443411372,Moderately Low,1778607034786.jpg,5.6512704,-0.208687
754262031.0,Bubune pharmacy street,Open concrete drain,0.25,0.6,0.65,0.39,39.0,0.858341,0.006309148,1.0,0.7075,0.301,0.435647519,Moderately Low,1778607136040.jpg,5.6511949,-0.2084916
754262049.0,Bubune pharmacy street,Open concrete drain,0.5,0.6,0.6,0.39,40.0,0.870489,0.195583596,1.0,0.805,0.301,0.550610889,Moderately High,1778607267868.jpg,5.6511024,-0.2080756
754262062.0,Near boundary road,Open concrete drain,0.25,0.6,0.65,0.42,44.0,0.834249,0.094637224,1.0,0.685,0.301,0.443032936,Moderately Low,1778607416632.jpg,5.6509387,-0.2075885
754262075.0,Near boundary road,Open concrete drain,0.75,0.6,0.6,0.3,45.0,0.834249,0.0,1.0,0.925,0.301,0.602837353,Moderately High,1778607536775.jpg,5.650973,-0.2074384
754262095.0,Bubune pharmacy street,Open concrete drain,0.25,0.6,0.65,0.36,43.0,0.931596,0.0,1.0,0.73,0.301,0.447939397,Moderately Low,1778607864413.jpg,5.6518069,-0.2084712
754262117.0,Behind mr Ahoi's house,Open concrete drain,0.25,0.6,0.65,0.33,44.0,0.983407,0.0,1.0,0.7525,0.301,0.457961053,Moderately Low,1778608081884.jpg,5.6521101,-0.2084417
754262138.0,Omanye ave 1st street,Open concrete drain,0.25,0.6,0.7,0.36,44.0,0.917055,0.0,1.0,0.73,0.301,0.445758251,Moderately Low,1778608164971.jpg,5.6524422,-0.2083714
754262150.0,Queen's apartment,Open concrete drain,0.25,0.6,0.5,0.36,44.0,0.915414,0.0,1.0,0.73,0.301,0.445512096,Moderately Low,1778608365645.jpg,5.6527239,-0.2083156
754262163.0,Omanye stree,Open concrete drain,0.5,0.6,0.6,0.36,42.0,0.925808,0.0,1.0,0.82,0.301,0.531071202,Moderately High,1778608494409.jpg,5.6532028,-0.2081997
754262181.0,Omanye ave,Open concrete drain,0.5,0.6,0.55,0.36,41.0,0.950224,0.0,1.0,0.82,0.301,0.534733597,Moderately High,1778608570848.jpg,5.6533878,-0.2082138
754262193.0,Omanye ave,Open concrete drain,0.25,0.6,0.6,0.3,41.0,0.950224,0.0,1.0,0.775,0.301,0.455233597,Moderately Low,1778608663875.jpg,5.6534573,-0.208091
754262213.0,Omanye ave,Open concrete drain,0.25,0.6,0.6,0.36,41.0,0.933637,0.0,1.0,0.73,0.301,0.448245553,Moderately Low,1778608754976.jpg,5.653526,-0.208364
754262224.0,Omanye ave,Open concrete drain,0.5,0.6,0.6,0.36,40.0,0.94018,0.186119874,1.0,0.82,0.301,0.561144981,Moderately High,1778608863205.jpg,5.6536007,-0.208472
754262231.0,Shofa automobile warehouse garage,Open concrete drain,0.75,0.6,0.6,0.45,39.0,0.888743,0.192429022,1.0,0.8875,0.301,0.636125801,Moderately High,1778609010277.jpg,5.6536676,-0.2086921
754262253.0,Westlands junction,Open concrete drain,0.25,1.0,0.5,1.2,40.0,0.879269,0.0,1.0,0.1,0.301,0.37709035,Moderately Low,1778930170133.jpg,5.6502191,-0.2100578
754262280.0,Westlands gardens,Open concrete drain,0.25,0.6,0.6,0.42,36.0,0.91067,0.649842271,1.0,0.685,0.301,0.537776838,Moderately High,1778930415447.jpg,5.6502888,-0.2106281
754262294.0,Westlands junction,Open concrete drain,0.5,1.0,0.75,1.1,36.0,0.94018,0.003154574,1.0,0.45,0.301,0.496700186,Moderately Low,1778930560007.jpg,5.6504785,-0.2108472
754262304.0,Westlands,Open concrete drain,0.5,1.0,1.2,1.1,35.0,0.90328,0.766561514,1.0,0.45,0.301,0.60567623,Moderately High,1778930697063.jpg,5.6505636,-0.2112846
754262316.0,Ato awhoi ave,Open concrete drain,0.25,1.0,0.5,1.1,35.0,0.899107,0.022082019,1.0,0.175,0.301,0.39087835,Moderately Low,1778930805595.jpg,5.6504807,-0.2118129
754262333.0,Ato awhoi ave,Open concrete drain,0.25,0.6,0.7,0.42,30.0,0.859312,0.09148265,1.0,0.685,0.301,0.446319197,Moderately Low,1778931193802.jpg,5.6499096,-0.2139119
754262338.0,Ato awhoi,Open concrete drain,0.5,0.6,1.1,0.42,32.0,0.779054,0.003154574,1.0,0.79,0.301,0.506531284,Moderately High,1778931316835.jpg,5.6496399,-0.2145553
754262350.0,Ato awhoi,Open concrete drain,1.0,0.6,1.1,0.42,27.0,0.858341,0.006309148,1.0,1.0,0.301,0.689897519,Moderately High,1778931425131.jpg,5.6494301,-0.2149302
754262355.0,Ato awhoi ave,Open concrete drain,1.0,0.6,1.1,0.42,27.0,0.858341,0.006309148,1.0,1.0,0.301,0.689897519,Moderately High,1778931512503.jpg,5.6493456,-0.2151345
754262374.0,Ato awhoi ave,Open concrete drain,0.25,0.6,0.7,0.39,29.0,0.950224,0.0,1.0,0.7075,0.301,0.448483597,Moderately Low,1778931622928.jpg,5.6491048,-0.2155225
754262405.0,Kisseman,Open concrete drain,0.5,0.6,0.7,0.42,27.0,0.906166,0.006309148,1.0,0.79,0.301,0.526071275,Moderately High,1778932514002.jpg,5.6484061,-0.2161956
754262416.0,Sobor street,Covered / underground drain,0.75,0.6,0.7,0.39,37.0,0.851716,0.0,1.0,0.9025,0.301,0.603207397,Moderately High,1778933017001.jpg,5.6456423,-0.2144841
754262421.0,Sobor street,Open concrete drain,0.25,0.65,0.7,0.455,38.0,0.851716,0.006309148,1.0,0.65875,0.301,0.429778769,Moderately Low,,5.6455073,-0.2145383
754262429.0,Sobor street,Open concrete drain,0.25,0.45,0.65,0.225,39.0,0.94018,0.041009464,1.0,0.83125,0.301,0.46550342,Moderately Low,1778933312523.jpg,5.6452627,-0.2151881
754262440.0,Sobor street,Open concrete drain,0.25,0.6,0.7,0.48,39.0,0.94018,0.041009464,1.0,0.64,0.301,0.44637842,Moderately Low,1778933508005.jpg,5.6451265,-0.2152303
754262452.0,Sobor street,Open concrete drain,0.25,0.6,0.65,0.48,39.0,0.94018,0.041009464,1.0,0.64,0.301,0.44637842,Moderately Low,1778933572309.jpg,5.6450593,-0.2152766
754262463.0,Kisseman,Open concrete drain,0.25,0.6,0.7,0.42,37.0,0.86327,0.003154574,1.0,0.685,0.301,0.433663684,Moderately Low,1778934053501.jpg,5.6457842,-0.2158798
754262478.0,Kisseman,Open concrete drain,0.25,0.6,0.5,0.42,36.0,0.866315,0.050473186,1.0,0.685,0.301,0.441218229,Moderately Low,1778934145710.jpg,5.6458932,-0.2158539
754262486.0,Kisseman,Open concrete drain,0.25,0.6,0.8,0.42,35.0,0.882731,0.0,1.0,0.685,0.301,0.436109653,Moderately Low,1778934294190.jpg,5.6463557,-0.2163959
754262494.0,Frema street,Open concrete drain,0.5,0.6,0.8,0.36,33.0,0.798464,0.006309148,1.0,0.82,0.301,0.512915972,Moderately High,1778934430304.jpg,5.6465806,-0.216501
754262509.0,Airways street,Open concrete drain,0.25,0.5,0.7,0.3,40.0,0.888743,0.028391167,1.0,0.775,0.301,0.450270122,Moderately Low,1778934901077.jpg,5.6449227,-0.2151381
754262529.0,John nii owoo street,Open concrete drain,0.25,0.5,0.7,0.3,41.0,0.834249,0.009463722,1.0,0.775,0.301,0.439256911,Moderately Low,1778935000654.jpg,5.6447084,-0.2150731
754262549.0,John nii owoo street,Open concrete drain,0.25,0.5,0.7,0.3,41.0,0.843612,0.009463722,1.0,0.775,0.301,0.44066136,Moderately Low,1778935129321.jpg,5.6445182,-0.2148759
754262560.0,Porturphy,Open concrete drain,0.5,0.5,0.6,0.3,41.0,0.843612,0.009463722,1.0,0.85,0.301,0.52316136,Moderately High,1778935246408.jpg,5.6446378,-0.2148472
754262578.0,Porturphy,Open concrete drain,0.25,0.5,0.6,0.3,41.0,0.843612,0.009463722,1.0,0.775,0.301,0.44066136,Moderately Low,1778935335552.jpg,5.6446668,-0.2148759
754262593.0,Porturphy,Open concrete drain,0.25,0.5,0.6,0.3,41.0,0.870489,0.0,1.0,0.775,0.301,0.44327335,Moderately Low,1778935434984.jpg,5.6448622,-0.2145289
754262604.0,Porturphy,Open concrete drain,0.5,0.5,0.6,0.3,41.0,0.870489,0.0,1.0,0.85,0.301,0.52577335,Moderately High,1778935502660.jpg,5.6448798,-0.2143722
754262617.0,Porturphy,Open concrete drain,0.25,0.5,0.6,0.3,38.0,0.833425,0.003154574,1.0,0.775,0.301,0.438186934,Moderately Low,1778935590812.jpg,5.6451259,-0.2140177
754262629.0,Porturphy,Open concrete drain,0.25,0.5,0.6,0.3,37.0,0.850793,0.006309148,1.0,0.775,0.301,0.441265323,Moderately Low,1778935712625.jpg,5.6452357,-0.2136775
754262640.0,Porturphy,Open concrete drain,0.25,0.5,0.6,0.3,36.0,0.883909,0.006309148,1.0,0.775,0.301,0.44623272,Moderately Low,1778935816220.jpg,5.6453639,-0.2135962
754262651.0,Porturphy,Open concrete drain,0.5,0.5,0.6,0.3,35.0,0.953071,1.0,1.0,0.85,0.301,0.68816065,Moderately High,1778935908715.jpg,5.6454531,-0.2132217
754262663.0,Porturphy,Open concrete drain,0.25,0.5,0.6,0.3,35.0,0.962898,0.044164038,1.0,0.775,0.301,0.463759308,Moderately Low,1778936017028.jpg,5.6457009,-0.2129987
754262693.0,Porturphy,Open concrete drain,0.75,0.5,0.6,0.3,36.0,0.931596,0.0,1.0,0.925,0.301,0.617439397,Moderately High,1778936664916.jpg,5.6465254,-0.2131939
754262705.0,Sobor street,Open concrete drain,0.5,0.5,0.6,0.3,35.0,0.917055,0.100946372,1.0,0.85,0.301,0.547900207,Moderately High,1778936748212.jpg,5.6462285,-0.2132593
754262725.0,Sober street,Open concrete drain,0.25,0.55,0.6,0.3575,35.0,0.917055,0.100946372,1.0,0.731875,0.301,0.461087707,Moderately Low,1778936836337.jpg,5.646258,-0.2133629
754262742.0,Sober street,Open concrete drain,0.75,0.55,0.6,0.3575,35.0,0.873709,0.022082019,1.0,0.910625,0.301,0.610631156,Moderately High,1778937005052.jpg,5.6467649,-0.2133163
754262766.0,Sober,Open concrete drain,0.25,0.55,0.6,0.3575,35.0,0.873709,0.022082019,1.0,0.731875,0.301,0.442756156,Moderately Low,1778937095188.jpg,5.6469225,-0.213259
754262775.0,Porturphy,Open concrete drain,0.25,0.55,0.6,0.33,37.0,0.866315,0.003154574,1.0,0.7525,0.301,0.440870437,Moderately Low,1778937219646.jpg,5.6473833,-0.213492
754262783.0,Porturphy,Open concrete drain,0.5,0.55,0.65,0.3575,38.0,0.859312,0.0,1.0,0.82125,0.301,0.521221799,Moderately High,1778937342317.jpg,5.647792,-0.2135112
754262799.0,Porturphy,Open concrete drain,0.25,0.55,0.65,0.33,37.0,0.947532,0.0,1.0,0.7525,0.301,0.4525798,Moderately Low,1778937623251.jpg,5.6486504,-0.2137694
754262808.0,Porturphy,Open concrete drain,0.25,0.55,0.65,0.3575,37.0,0.947532,0.0,1.0,0.731875,0.301,0.4505173,Moderately Low,1778937726318.jpg,5.6487694,-0.2136994
754262829.0,Porturphy area,Open concrete drain,0.25,0.45,0.6,0.2475,37.0,0.933637,0.107255521,0.0,0.814375,0.301,0.372771381,Moderately Low,1778938057659.jpg,5.6482197,-0.2132764
754262836.0,Porturphy,Open concrete drain,0.75,0.4,0.65,0.2,37.0,0.962898,0.03785489,1.0,0.95,0.301,0.630312936,Moderately High,1778938264802.jpg,5.6484222,-0.212715
754262843.0,Kwakai ashi,Open concrete drain,0.25,0.45,0.6,0.2475,37.0,0.947532,0.006309148,1.0,0.814375,0.301,0.459713672,Moderately Low,1778938397965.jpg,5.6487183,-0.2123295
754262853.0,Kwakai ashi,Open concrete drain,0.25,0.45,0.65,0.2475,42.0,0.983407,0.0,1.0,0.814375,0.301,0.464148553,Moderately Low,1778938621914.jpg,5.6489002,-0.2112514
754262859.0,Kwakai ashi/ nii owoo ave intersection,Open concrete drain,1.0,0.45,0.55,0.2475,42.0,0.983407,0.0,1.0,1.0,0.301,0.707711053,Moderately High,1778938798430.jpg,5.6489747,-0.2111138
754262870.0,Nii owoo ave,Open concrete drain,0.25,0.5,0.5,0.275,41.0,0.91067,0.003154574,1.0,0.79375,0.301,0.451648683,Moderately Low,1778939156677.jpg,5.6487184,-0.2111563
754262885.0,Nii owoo,Open concrete drain,0.25,0.55,0.55,0.33,41.0,0.91067,0.003154574,1.0,0.7525,0.301,0.447523683,Moderately Low,1778939270422.jpg,5.6486327,-0.2110793
754262895.0,Nii owoo,Open concrete drain,0.25,0.55,0.55,0.3025,41.0,0.873709,0.022082019,1.0,0.773125,0.301,0.446881156,Moderately Low,1778939650276.jpg,5.6482843,-0.2112108
754262913.0,Nii owoo ave,Open concrete drain,0.25,0.55,0.55,0.33,41.0,0.873709,0.022082019,1.0,0.7525,0.301,0.444818656,Moderately Low,1778939818012.jpg,5.6481061,-0.2112178
754262928.0,Aflasu street,Open concrete drain,0.25,0.55,0.55,0.33,38.0,0.859312,0.03785489,0.0,0.7525,0.301,0.345025033,Moderately Low,1778939967781.jpg,5.6480579,-0.2116788
754262950.0,Aflasu street,Open concrete drain,0.25,0.55,0.6,0.3025,39.0,0.842738,0.003154574,0.0,0.773125,0.301,0.339396382,Moderately Low,1778940061227.jpg,5.6480045,-0.211815
754262965.0,Aflasu street,Open concrete drain,0.25,0.55,0.55,0.3575,37.0,0.947532,0.022082019,1.0,0.731875,0.301,0.453829602,Moderately Low,1778942118501.jpg,5.6477549,-0.2123953
754262972.0,Aflasu street,Open concrete drain,1.0,0.55,0.6,0.3575,38.0,0.947532,0.003154574,1.0,1.0,0.301,0.702802986,Moderately High,1778942198973.jpg,5.6476715,-0.212436
754262987.0,Aflasu street,Open concrete drain,0.25,0.55,0.6,0.3575,39.0,0.953071,0.0,0.0,0.731875,0.301,0.35134815,Moderately Low,1778942274318.jpg,5.6475651,-0.2127245
754263009.0,Carbon close,Open concrete drain,0.25,0.55,0.55,0.3575,38.0,0.834249,0.006309148,1.0,0.731875,0.301,0.434471225,Moderately Low,1778942770005.jpg,5.6449913,-0.2135511
754263025.0,Carbon close,Open concrete drain,1.0,0.55,0.65,0.3575,38.0,0.800511,0.132492114,1.0,1.0,0.301,0.700150467,Moderately High,1778942935764.jpg,5.6445441,-0.2132041
754263044.0,Carbon close,Open concrete drain,1.0,0.55,0.65,0.3575,40.0,0.797786,0.006309148,1.0,1.0,0.301,0.680814272,Moderately High,1778943074181.jpg,5.6444164,-0.2130773
754263060.0,Porturphy,Open concrete drain,0.25,0.55,0.65,0.3575,43.0,0.866315,0.0,1.0,0.731875,0.301,0.438334751,Moderately Low,1778943400051.jpg,5.6446972,-0.214125
754263083.0,Aplite close,Open concrete drain,0.25,0.55,0.65,0.3575,42.0,0.843612,0.268138801,1.0,0.731875,0.301,0.475150122,Moderately Low,1778943524629.jpg,5.6442766,-0.2138465
754263103.0,Kisseman,Open concrete drain,0.25,0.55,0.65,0.385,44.0,0.882731,0.0,1.0,0.71125,0.301,0.438734653,Moderately Low,1778943867526.jpg,5.6442415,-0.2146397
754263123.0,Kisseman,Open concrete drain,0.25,0.55,0.65,0.3575,44.0,0.900479,0.003154574,1.0,0.731875,0.301,0.443932539,Moderately Low,1778944005742.jpg,5.6440348,-0.2146003
754263149.0,Kisseman 1,Open concrete drain,0.25,0.55,0.65,0.385,48.0,0.879269,0.018927445,1.0,0.71125,0.301,0.441054467,Moderately Low,1778944228449.jpg,5.6432302,-0.214154
754263166.0,Kisseman,Open concrete drain,0.25,0.55,0.65,0.3575,52.0,0.799826,0.003154574,1.0,0.731875,0.301,0.42883459,Moderately Low,1778944423710.jpg,5.6426699,-0.2136017
754263183.0,Kisseman,Open concrete drain,0.25,0.55,0.7,0.3575,56.0,0.857375,0.0,1.0,0.731875,0.301,0.436993754,Moderately Low,1778944550504.jpg,5.6422243,-0.2134264
754263206.0,Kisseman,Open concrete drain,0.25,0.55,0.65,0.3575,58.0,0.947532,0.018927445,1.0,0.731875,0.301,0.453356416,Moderately Low,1778944690501.jpg,5.6416492,-0.21293
754263223.0,Kisseman,Open concrete drain,0.25,0.55,0.7,0.3575,59.0,0.870489,0.006309148,1.0,0.731875,0.301,0.439907222,Moderately Low,1778944860644.jpg,5.6412703,-0.2127777
754263236.0,Kisseman,Open concrete drain,1.0,0.55,0.65,0.3575,60.0,0.851716,0.003154574,1.0,1.0,0.301,0.688430583,Moderately High,1778944976197.jpg,5.6409874,-0.2124802
754263242.0,Kisseman,Open concrete drain,0.5,0.55,0.65,0.3575,60.0,0.91067,0.119873817,1.0,0.82125,0.301,0.54690657,Moderately High,1778945057577.jpg,5.6407641,-0.2124154
754263258.0,Kisseman,Open concrete drain,0.5,0.55,0.65,0.3575,60.0,0.91067,0.119873817,1.0,0.82125,0.301,0.54690657,Moderately High,1778945134410.jpg,5.6406274,-0.2122184
754263274.0,Kisseman,Open concrete drain,1.0,0.55,0.65,0.3025,63.0,0.859312,0.0,1.0,1.0,0.301,0.689096799,Moderately High,1778945264443.jpg,5.6402059,-0.2120151
754263286.0,Kisseman,Open concrete drain,0.25,0.55,0.65,0.275,62.0,0.784056,0.003154574,1.0,0.79375,0.301,0.432656587,Moderately Low,1778945404468.jpg,5.6399585,-0.2118344
754263302.0,Kisseman sports complex,Open concrete drain,0.5,0.55,0.65,0.275,64.0,0.816968,0.003154574,1.0,0.8625,0.301,0.519468389,Moderately High,1778945509366.jpg,5.6397493,-0.2116099
754263325.0,Kisseman sports complex,Open concrete drain,0.5,0.55,0.65,0.275,63.0,0.879269,0.006309148,1.0,0.8625,0.301,0.529286723,Moderately High,1778945596151.jpg,5.6394273,-0.2114298
754263342.0,Kisseman sports complex,Open concrete drain,0.25,0.55,0.55,0.275,63.0,0.879269,0.006309148,1.0,0.79375,0.301,0.447411723,Moderately Low,1778945689415.jpg,5.6394032,-0.2114562
754263362.0,Kisseman sports complex,Open concrete drain,0.25,0.55,0.5,0.275,67.0,0.888743,0.0,1.0,0.79375,0.301,0.447886447,Moderately Low,1778945841112.jpg,5.6389861,-0.2111384
754263383.0,Samodak,Open concrete drain,0.25,0.55,0.5,0.33,66.0,0.90328,0.015772871,1.0,0.7525,0.301,0.448307933,Moderately Low,1778945957366.jpg,5.6386861,-0.2109427
754263400.0,Samodak,Open concrete drain,0.25,0.55,0.5,0.275,69.0,0.0,0.0,1.0,0.79375,0.301,0.314575,Moderately Low,1778946108012.jpg,5.6383488,-0.2107646
754263419.0,Samodak,Open concrete drain,1.0,0.45,0.5,0.225,69.0,0.0,0.0,1.0,1.0,0.301,0.5602,Moderately High,1778946255173.jpg,5.6382548,-0.2106008
754263461.0,Samodak ventures,Open concrete drain,1.0,0.45,0.5,0.2475,68.0,0.0,0.0,1.0,1.0,0.301,0.5602,Moderately High,1778946413869.jpg,5.638325,-0.2103591
754263487.0,St. Muar School,Open concrete drain,0.75,0.45,0.6,0.2475,66.0,0.0,0.003154574,1.0,0.938125,0.301,0.479485686,Moderately Low,1778946523836.jpg,5.638443,-0.2100874
758244801.0,Blue Kiosk,Open concrete drain,0.5,0.5,0.5,0.3,46.0,0.900479,0.0,1.0,0.85,0.301,0.530271853,Moderately High,1779275644725.jpg,5.6474319,-0.2105357
758244840.0,Blue kiosk,Open concrete drain,0.75,0.5,0.5,0.3,46.0,0.931596,0.003154574,1.0,0.925,0.301,0.617912583,Moderately High,1779275740628.jpg,5.6470315,-0.2105469
758244858.0,Synlab,Open concrete drain,0.25,0.5,0.55,0.3,40.0,0.915414,0.018927445,1.0,0.775,0.301,0.452851213,Moderately Low,1779275872756.jpg,5.6460336,-0.2105457
758244873.0,Grace presby,Open concrete drain,0.75,0.5,0.55,0.3,38.0,0.947532,0.116719243,1.0,0.925,0.301,0.637337686,Moderately High,1779276043186.jpg,5.645203,-0.2105432
758244903.0,Bedita pharmacy,Open concrete drain,0.75,0.5,0.6,0.3,38.0,0.900479,0.015772871,1.0,0.925,0.301,0.615137783,Moderately High,1779276406152.jpg,5.6445464,-0.2103282
758244933.0,Jamila homes,Covered / underground drain,0.75,0.5,0.6,0.275,38.0,0.900479,0.015772871,1.0,0.93125,0.301,0.615762783,Moderately High,1779276497134.jpg,5.6444953,-0.2103001
758244945.0,Business district,Open concrete drain,0.25,0.5,0.6,0.3,44.0,0.829361,0.009463722,1.0,0.775,0.301,0.438523711,Moderately Low,1779276655000.jpg,5.6433899,-0.210035
758244966.0,Westlands road,Open concrete drain,0.25,0.5,0.6,0.3,48.0,0.0,0.0,1.0,0.775,0.301,0.3127,Moderately Low,1779276806652.jpg,5.6426755,-0.2098647
758245003.0,Nargami fuel station,Covered / underground drain,0.25,0.5,0.6,0.3,53.0,0.814737,0.365930599,1.0,0.775,0.301,0.489800143,Moderately Low,1779277221714.jpg,5.6414789,-0.2111199
758245040.0,Stephanie,Open concrete drain,1.0,0.5,0.55,0.3,56.0,0.0,0.078864353,1.0,1.0,0.301,0.572029653,Moderately High,1779277539071.jpg,5.6409716,-0.2107755
758245092.0,Omay shop dealler,Open concrete drain,0.75,0.5,0.6,0.275,63.0,0.0,0.006309148,1.0,0.93125,0.301,0.479271372,Moderately Low,1779277881958.jpg,5.6393106,-0.2098095
758245156.0,Benab oil,Open concrete drain,1.0,0.45,0.6,0.225,62.0,0.0,0.025236593,1.0,1.0,0.301,0.563985489,Moderately High,1779278180489.jpg,5.6387721,-0.2094627
758245193.0,Icgc,Open concrete drain,1.0,0.45,0.6,0.225,64.0,0.0,0.0,1.0,1.0,0.301,0.5602,Moderately High,1779278273467.jpg,5.6385077,-0.2098657
758245213.0,Mds lancert,Open concrete drain,1.0,0.4,0.6,0.2,67.0,0.94018,0.003154574,1.0,1.0,0.301,0.701700186,Moderately High,1779278505784.jpg,5.6381675,-0.211209
758245233.0,Pure fire,Open concrete drain,1.0,0.4,0.55,0.2,68.0,0.873951,0.0,1.0,1.0,0.301,0.691292652,Moderately High,1779278655009.jpg,5.6378493,-0.2118696
758245259.0,Milife insurance,Open concrete drain,0.75,0.45,0.5,0.2475,65.0,0.899107,0.003154574,1.0,0.938125,0.301,0.614351733,Moderately High,1779278852426.jpg,5.637614,-0.2126839
758245274.0,Papagu furniture,Open concrete drain,0.25,0.45,0.5,0.2475,66.0,0.976534,0.0,1.0,0.814375,0.301,0.463117601,Moderately Low,1779279012008.jpg,5.6371205,-0.2133769
758245297.0,Roya heights,Open concrete drain,0.25,0.45,0.5,0.2475,62.0,0.864559,0.006309148,1.0,0.814375,0.301,0.447267721,Moderately Low,1779279143449.jpg,5.6363987,-0.2138793
758245322.0,Royal heights,Open concrete drain,0.75,0.45,0.5,0.2475,61.0,0.0,0.003154574,1.0,0.938125,0.301,0.479485686,Moderately Low,1779279221659.jpg,5.6361709,-0.2140932
758245353.0,Royal heights,Open concrete drain,1.0,0.45,0.55,0.2475,61.0,0.959735,0.003154574,1.0,1.0,0.301,0.704633432,Moderately High,1779279284381.jpg,5.6359758,-0.2141659
758245377.0,Goil,Open concrete drain,0.75,0.45,0.55,0.2475,62.0,0.941865,0.0,1.0,0.938125,0.301,0.620292254,Moderately High,1779279370843.jpg,5.635765,-0.2144191
758245400.0,Goil,Open concrete drain,0.75,1.0,0.55,1.0,62.0,0.941865,0.0,1.0,0.75,0.301,0.601479754,Moderately High,1779279479115.jpg,5.6356659,-0.214523
758245424.0,Lapaz community hospital,Covered / underground drain,0.25,0.9,0.55,0.63,63.0,0.867347,0.0,1.0,0.5275,0.301,0.41805205,Moderately Low,1779279655351.jpg,5.635556,-0.2152852
758245447.0,"Ecobank, village",Open concrete drain,0.75,0.5,0.55,0.25,61.0,0.833425,0.0,1.0,0.9375,0.301,0.603963748,Moderately High,1779279783682.jpg,5.6358511,-0.2153303
758245479.0,Behind goil,Open concrete drain,0.25,0.5,0.55,0.25,60.0,0.917055,0.028391167,1.0,0.8125,0.301,0.458266927,Moderately Low,1779279920098.jpg,5.6364591,-0.2148003
758245502.0,Kamf hotel,Open concrete drain,0.25,0.05,1.0,0.025,63.0,0.888743,0.0,1.0,0.98125,0.301,0.466636447,Moderately Low,1779280040887.jpg,5.6372802,-0.2142521
758245531.0,Kamf hotel,Open concrete drain,1.0,0.5,0.7,0.25,66.0,0.953071,0.003154574,1.0,1.0,0.301,0.703633836,Moderately High,1779280153957.jpg,5.6378279,-0.2136774
758245576.0,Tonny spare parts,Open concrete drain,0.5,0.55,0.5,0.33,68.0,0.764692,0.0,1.0,0.835,0.301,0.508403801,Moderately High,1779280496416.jpg,5.6383703,-0.2147102
758245592.0,Kisseman,Open concrete drain,0.5,0.55,0.5,0.33,68.0,0.72866,0.006309148,1.0,0.835,0.301,0.50394537,Moderately High,1779280591871.jpg,5.6381391,-0.2150806
758245616.0,Printware ltd,Open concrete drain,0.25,0.55,0.5,0.275,61.0,0.830975,0.006309148,1.0,0.79375,0.301,0.440167621,Moderately Low,1779280753120.jpg,5.6377275,-0.2158029
758245638.0,Christ vision sanctuary,Open concrete drain,1.0,0.5,0.5,0.275,61.0,0.830975,0.006309148,1.0,1.0,0.301,0.685792621,Moderately High,1779280839923.jpg,5.637617,-0.2159722
758245662.0,Owoo plastic street,Open concrete drain,0.25,0.55,0.6,0.3575,57.0,0.765854,0.012618297,1.0,0.731875,0.301,0.425158344,Moderately Low,1779280979885.jpg,5.6373447,-0.2164028
758245692.0,"Goil,  Christian village",Open concrete drain,0.25,1.0,0.6,0.9,52.0,0.811079,0.0,1.0,0.325,0.301,0.389361854,Moderately Low,1779281115735.jpg,5.6370909,-0.2168483
758245714.0,Goil,Open concrete drain,0.25,0.5,0.5,0.275,53.0,0.711188,0.006309148,1.0,0.79375,0.301,0.422199575,Moderately Low,1779281305184.jpg,5.6376002,-0.2172226
758245737.0,Royal mountain guesthouse,Open concrete drain,0.25,0.55,0.55,0.33,59.0,0.784056,0.0,1.0,0.7525,0.301,0.428058401,Moderately Low,1779281419449.jpg,5.6380475,-0.2166978
758245771.0,Kisseman,Open concrete drain,0.25,0.55,0.65,0.33,68.0,0.767609,0.0,1.0,0.7525,0.301,0.42559135,Moderately Low,1779281743700.jpg,5.6385276,-0.2159033
758245788.0,Kisseman,Open concrete drain,0.25,0.55,0.9,0.33,71.0,0.820747,0.006309148,1.0,0.7525,0.301,0.434508425,Moderately Low,1779281869226.jpg,5.6387876,-0.2154194
758245805.0,Christian village,Open concrete drain,0.25,1.0,0.55,1.1,50.0,0.747908,0.009463722,1.0,0.175,0.301,0.366305758,Moderately Low,1779282250913.jpg,5.6377804,-0.2175596
758245830.0,Christian village,Open concrete drain,0.25,1.0,0.6,1.1,46.0,0.65285,0.006309148,1.0,0.175,0.301,0.351573868,Moderately Low,1779282466069.jpg,5.6387635,-0.2186071
758245850.0,Aw supermarket,Open concrete drain,0.25,1.0,0.6,1.5,34.0,0.613562,0.009463722,1.0,-0.125,0.301,0.316153856,Moderately Low,1779282660235.jpg,5.6398197,-0.2195966
758245867.0,Dome junction,Open concrete drain,0.25,0.5,0.6,0.275,36.0,0.590634,0.006309148,1.0,0.79375,0.301,0.40411647,Moderately Low,1779282790424.jpg,5.6401769,-0.219794
758245886.0,Axis drone survey,Open concrete drain,0.75,0.5,1.1,0.275,40.0,0.665534,0.0,1.0,0.93125,0.301,0.578155103,Moderately High,1779282912014.jpg,5.6405398,-0.2195571
758245910.0,Axis drone,Open concrete drain,0.75,0.5,1.1,0.275,36.0,0.800511,0.0,1.0,0.93125,0.301,0.59840165,Moderately High,1779283051691.jpg,5.6409555,-0.2193741
758245928.0,Kisseman,Open concrete drain,0.25,0.55,1.5,0.3575,34.0,0.866315,0.0,1.0,0.731875,0.301,0.438334751,Moderately Low,1779283150031.jpg,5.6413877,-0.2196288
758245950.0,Kisseman road,Open concrete drain,0.75,0.45,0.55,0.225,33.0,0.811079,0.14511041,1.0,0.94375,0.301,0.623003415,Moderately High,1779283276034.jpg,5.6416251,-0.2196096
758245977.0,Kisseman road,Open concrete drain,0.75,0.5,0.55,0.275,35.0,0.850793,0.0,1.0,0.93125,0.301,0.60594395,Moderately High,1779283421688.jpg,5.6419672,-0.2192229
758246010.0,Kisseman road,Open concrete drain,1.0,0.5,0.55,0.3,33.0,0.814737,0.059936909,1.0,1.0,0.301,0.691401089,Moderately High,1779283571165.jpg,5.6423307,-0.2187593
758246035.0,Pomice street,Open concrete drain,0.25,0.5,0.65,0.3,35.0,0.800511,0.044164038,1.0,0.775,0.301,0.439401256,Moderately Low,1779283728521.jpg,5.642132,-0.2185383
758246048.0,Kisseman road,Open concrete drain,0.5,0.5,0.5,0.3,33.0,0.65285,0.009463722,1.0,0.85,0.301,0.494547054,Moderately Low,1779284094465.jpg,5.6426818,-0.2183412
758246074.0,Kisseman road,Open concrete drain,0.5,0.5,0.55,0.35,30.0,0.667562,0.047318612,1.0,0.825,0.301,0.499932093,Moderately Low,1779284168192.jpg,5.6430983,-0.2178504
758246090.0,Kisseman road,Open concrete drain,0.75,0.5,0.6,0.3,31.0,0.718333,0.069400631,1.0,0.925,0.301,0.595860045,Moderately High,1779284275864.jpg,5.6433089,-0.2174909
758246138.0,Mosque,Open concrete drain,0.5,0.55,0.6,0.275,34.0,0.849877,0.110410095,1.0,0.8625,0.301,0.540493064,Moderately High,1779284424822.jpg,5.6437155,-0.216832
758246167.0,Mosque,Open concrete drain,0.25,1.0,0.6,1.1,30.0,0.777207,0.012618297,1.0,0.175,0.301,0.371173797,Moderately Low,1779284559953.jpg,5.6443876,-0.2171442
758246187.0,Mosque,Open concrete drain,0.5,0.95,0.7,0.95,31.0,0.806781,0.0,1.0,0.525,0.301,0.483717149,Moderately Low,1779284781379.jpg,5.6447979,-0.2173316
758246213.0,Porturphy,Open concrete drain,0.25,1.0,0.6,1.1,37.0,0.765854,0.018927445,1.0,0.175,0.301,0.370417217,Moderately Low,1779285068597.jpg,5.6433838,-0.2164599
758246248.0,Frema stree,Open concrete drain,0.25,1.0,0.5,0.9,42.0,0.765854,0.0,1.0,0.325,0.301,0.3825781,Moderately Low,1779285245584.jpg,5.6428426,-0.2161037
758246262.0,Frema street,Open concrete drain,0.25,1.0,1.1,0.9,53.0,0.769971,0.006309148,1.0,0.325,0.301,0.384142024,Moderately Low,1779285547932.jpg,5.6418749,-0.2154992
758246274.0,Nii kwatei,Open concrete drain,1.0,0.5,1.0,0.275,56.0,0.795099,0.003154574,1.0,1.0,0.301,0.679938039,Moderately High,1779285664113.jpg,5.641944,-0.2151406
758246289.0,Kisseman,Open concrete drain,0.25,0.5,1.1,0.3,60.0,0.78918,0.003154574,1.0,0.775,0.301,0.431550183,Moderately Low,1779285804511.jpg,5.6412305,-0.2150776
758246305.0,Goil,Open concrete drain,1.0,0.5,0.9,0.3,51.0,0.91067,0.0,1.0,1.0,0.301,0.696800497,Moderately High,1779286942619.jpg,5.6367986,-0.2171814
758246337.0,Laryea jomo lk,Open concrete drain,0.25,0.5,0.9,0.275,53.0,0.866315,0.0,1.0,0.79375,0.301,0.444522251,Moderately Low,1779287063042.jpg,5.6365451,-0.21734
758246355.0,Layear jomo lk,Open concrete drain,0.25,0.5,0.55,0.3,47.0,0.781228,0.009463722,1.0,0.775,0.301,0.431303759,Moderately Low,1779287206889.jpg,5.6367578,-0.2180195
758246372.0,Tettedze street,Open concrete drain,0.25,0.5,0.6,0.3,44.0,0.762959,0.003154574,1.0,0.775,0.301,0.427617036,Moderately Low,1779287423968.jpg,5.6368246,-0.218564
758246401.0,Christian village road,Open concrete drain,0.5,0.5,0.6,0.3,47.0,0.827718,0.0,0.0,0.85,0.301,0.419357703,Moderately Low,1779287501793.jpg,5.6367193,-0.2186593
758246426.0,Christian village,Covered / underground drain,0.75,0.5,0.55,0.3,43.0,0.0,0.0,1.0,0.925,0.301,0.4777,Moderately Low,1779287667687.jpg,5.6361209,-0.219522
758246451.0,Christian village,Open concrete drain,0.25,0.5,0.6,0.3,40.0,0.0,0.003154574,1.0,0.775,0.301,0.313173186,Moderately Low,1779287832591.jpg,5.63609,-0.219849
758246471.0,Christian village,Open concrete drain,0.25,0.5,0.6,0.3,41.0,0.762959,0.009463722,1.0,0.775,0.301,0.428563409,Moderately Low,1779288048406.jpg,5.6370415,-0.2187717
758246486.0,Christian village,Open concrete drain,0.25,0.5,0.6,0.3,39.0,0.821513,0.624605678,1.0,0.775,0.301,0.529617801,Moderately High,1779288125791.jpg,5.6373259,-0.2191123
758246502.0,Christian village school,Open concrete drain,0.75,0.5,0.6,0.3,38.0,0.801197,0.0,1.0,0.925,0.301,0.597879549,Moderately High,1779288207527.jpg,5.6374769,-0.2193683
758246518.0,Christian village,Open concrete drain,0.25,0.5,0.6,0.3,54.0,0.879269,0.0,1.0,0.775,0.301,0.44459035,Moderately Low,1779288580322.jpg,5.6364705,-0.2173047
